timestamp,level,message,script_run_id
"2026-04-19 19:04:30","INFO","CSV log file (APPEND MODE): /mnt/c/sc_JabulanePoulo_2026/Sales Analysis Project 2026/output/logs/logs.csv","20260419_190430"
"2026-04-19 19:04:30","INFO","Script Run ID: 20260419_190430","20260419_190430"
"2026-04-19 19:04:30","INFO","============================================================","20260419_190430"
"2026-04-19 19:04:30","INFO","STARTING NEW PIPELINE EXECUTION","20260419_190430"
"2026-04-19 19:04:30","INFO","============================================================","20260419_190430"
"2026-04-19 19:04:30","INFO","Loading the data...","20260419_190430"
"2026-04-19 19:04:30","INFO","Loaded 52 rows","20260419_190430"
"2026-04-19 19:04:30","INFO","Cleaning data...","20260419_190430"
"2026-04-19 19:04:30","INFO","Removed duplicates; remaining rows: 50","20260419_190430"
"2026-04-19 19:04:30","INFO","Found 2 missing quantity values","20260419_190430"
"2026-04-19 19:04:30","INFO","  - Filling 2 missing quantity for 'Chair' with median: 5.0","20260419_190430"
"2026-04-19 19:04:30","INFO","Quantity filling complete","20260419_190430"
"2026-04-19 19:04:30","INFO","Labeling 2 missing salesperson names as 'Unknown'","20260419_190430"
"2026-04-19 19:04:30","INFO","Cleaned rows: 50","20260419_190430"
"2026-04-19 19:04:30","INFO","Transforming data...","20260419_190430"
"2026-04-19 19:04:30","INFO","Calculated revenue for 50 transactions","20260419_190430"
"2026-04-19 19:04:30","INFO","Extracted year and month from dates","20260419_190430"
"2026-04-19 19:04:30","INFO","Transformation complete","20260419_190430"
"2026-04-19 19:04:30","INFO","Aggregating data...","20260419_190430"
"2026-04-19 19:04:30","INFO","Aggregated revenue by region: 4 regions","20260419_190430"
"2026-04-19 19:04:30","INFO","Aggregated revenue by product: 5 products","20260419_190430"
"2026-04-19 19:04:30","INFO","Aggregated revenue by category: 2 categories","20260419_190430"
"2026-04-19 19:04:30","INFO","Aggregated revenue by month","20260419_190430"
"2026-04-19 19:04:30","INFO","Aggregated revenue by salesperson: 5 salespeople","20260419_190430"
"2026-04-19 19:04:30","INFO","Selected top 5 salespeople","20260419_190430"
"2026-04-19 19:04:30","INFO","Exporting data...","20260419_190430"
"2026-04-19 19:04:30","INFO","Exported clean data: /mnt/c/sc_JabulanePoulo_2026/Sales Analysis Project 2026/output/clean_sales.csv","20260419_190430"
"2026-04-19 19:04:30","INFO","Exported sales_by_region: /mnt/c/sc_JabulanePoulo_2026/Sales Analysis Project 2026/output/sales_by_region.csv","20260419_190430"
"2026-04-19 19:04:31","INFO","Exported sales_by_product: /mnt/c/sc_JabulanePoulo_2026/Sales Analysis Project 2026/output/sales_by_product.csv","20260419_190430"
"2026-04-19 19:04:31","INFO","Exported sales_by_category: /mnt/c/sc_JabulanePoulo_2026/Sales Analysis Project 2026/output/sales_by_category.csv","20260419_190430"
"2026-04-19 19:04:31","INFO","Exported monthly_revenue: /mnt/c/sc_JabulanePoulo_2026/Sales Analysis Project 2026/output/monthly_revenue.csv","20260419_190430"
"2026-04-19 19:04:31","INFO","Exported salesperson_performance: /mnt/c/sc_JabulanePoulo_2026/Sales Analysis Project 2026/output/salesperson_performance.csv","20260419_190430"
"2026-04-19 19:04:31","INFO","Exported top_salespeople: /mnt/c/sc_JabulanePoulo_2026/Sales Analysis Project 2026/output/top_salespeople.csv","20260419_190430"
"2026-04-19 19:04:31","INFO","Export complete","20260419_190430"
"2026-04-19 19:04:31","INFO","============================================================","20260419_190430"
"2026-04-19 19:04:31","INFO","PIPELINE FINISHED SUCCESSFULLY","20260419_190430"
"2026-04-19 19:04:31","INFO","============================================================","20260419_190430"
"2026-04-19 19:07:09","INFO","CSV log file (APPEND MODE): /mnt/c/sc_JabulanePoulo_2026/Sales Analysis Project 2026/output/logs/logs.csv","20260419_190709"
"2026-04-19 19:07:09","INFO","Script Run ID: 20260419_190709","20260419_190709"
"2026-04-19 19:07:09","INFO","============================================================","20260419_190709"
"2026-04-19 19:07:09","INFO","STARTING NEW PIPELINE EXECUTION","20260419_190709"
"2026-04-19 19:07:09","INFO","============================================================","20260419_190709"
"2026-04-19 19:07:09","INFO","Loading the data...","20260419_190709"
"2026-04-19 19:07:09","INFO","Loaded 52 rows","20260419_190709"
"2026-04-19 19:07:09","INFO","Cleaning data...","20260419_190709"
"2026-04-19 19:07:09","INFO","Removed duplicates; remaining rows: 50","20260419_190709"
"2026-04-19 19:07:09","INFO","Found 2 missing quantity values","20260419_190709"
"2026-04-19 19:07:09","INFO","  - Filling 2 missing quantity for 'Chair' with median: 5.0","20260419_190709"
"2026-04-19 19:07:09","INFO","Quantity filling complete","20260419_190709"
"2026-04-19 19:07:09","INFO","Labeling 2 missing salesperson names as 'Unknown'","20260419_190709"
"2026-04-19 19:07:09","INFO","Cleaned rows: 50","20260419_190709"
"2026-04-19 19:07:09","INFO","Transforming data...","20260419_190709"
"2026-04-19 19:07:09","INFO","Calculated revenue for 50 transactions","20260419_190709"
"2026-04-19 19:07:09","INFO","Extracted year and month from dates","20260419_190709"
"2026-04-19 19:07:09","INFO","Transformation complete","20260419_190709"
"2026-04-19 19:07:09","INFO","Aggregating data...","20260419_190709"
"2026-04-19 19:07:10","INFO","Aggregated revenue by region: 4 regions","20260419_190709"
"2026-04-19 19:07:10","INFO","Aggregated revenue by product: 5 products","20260419_190709"
"2026-04-19 19:07:10","INFO","Aggregated revenue by category: 2 categories","20260419_190709"
"2026-04-19 19:07:10","INFO","Aggregated revenue by month","20260419_190709"
"2026-04-19 19:07:10","INFO","Aggregated revenue by salesperson: 5 salespeople","20260419_190709"
"2026-04-19 19:07:10","INFO","Selected top 5 salespeople","20260419_190709"
"2026-04-19 19:07:10","INFO","Exporting data...","20260419_190709"
"2026-04-19 19:07:10","INFO","Exported clean data: /mnt/c/sc_JabulanePoulo_2026/Sales Analysis Project 2026/output/clean_sales.csv","20260419_190709"
"2026-04-19 19:07:10","INFO","Exported sales_by_region: /mnt/c/sc_JabulanePoulo_2026/Sales Analysis Project 2026/output/sales_by_region.csv","20260419_190709"
"2026-04-19 19:07:10","INFO","Exported sales_by_product: /mnt/c/sc_JabulanePoulo_2026/Sales Analysis Project 2026/output/sales_by_product.csv","20260419_190709"
"2026-04-19 19:07:10","INFO","Exported sales_by_category: /mnt/c/sc_JabulanePoulo_2026/Sales Analysis Project 2026/output/sales_by_category.csv","20260419_190709"
"2026-04-19 19:07:10","INFO","Exported monthly_revenue: /mnt/c/sc_JabulanePoulo_2026/Sales Analysis Project 2026/output/monthly_revenue.csv","20260419_190709"
"2026-04-19 19:07:10","INFO","Exported salesperson_performance: /mnt/c/sc_JabulanePoulo_2026/Sales Analysis Project 2026/output/salesperson_performance.csv","20260419_190709"
"2026-04-19 19:07:10","INFO","Exported top_salespeople: /mnt/c/sc_JabulanePoulo_2026/Sales Analysis Project 2026/output/top_salespeople.csv","20260419_190709"
"2026-04-19 19:07:10","INFO","Export complete","20260419_190709"
"2026-04-19 19:07:10","INFO","============================================================","20260419_190709"
"2026-04-19 19:07:10","INFO","PIPELINE FINISHED SUCCESSFULLY","20260419_190709"
"2026-04-19 19:07:10","INFO","============================================================","20260419_190709"
"2026-04-19 19:16:16","INFO","CSV log file: /mnt/c/sc_JabulanePoulo_2026/Sales Analysis Project 2026/output/logs/logs.csv","20260419_191616",""
"2026-04-19 19:16:16","INFO","Script Run ID: 20260419_191616","20260419_191616",""
"2026-04-19 19:16:16","INFO","Logging level: DEBUG (capturing all messages)","20260419_191616",""
"2026-04-19 19:16:16","INFO","Project root: /mnt/c/sc_JabulanePoulo_2026/Sales Analysis Project 2026","20260419_191616",""
"2026-04-19 19:16:16","INFO","Looking for data file: /mnt/c/sc_JabulanePoulo_2026/Sales Analysis Project 2026/data/Sales_data.csv","20260419_191616",""
"2026-04-19 19:16:16","INFO","Processor initialised with input: /mnt/c/sc_JabulanePoulo_2026/Sales Analysis Project 2026/data/Sales_data.csv","20260419_191616",""
"2026-04-19 19:16:16","INFO","======================================================================","20260419_191616",""
"2026-04-19 19:16:16","INFO","STARTING NEW PIPELINE EXECUTION","20260419_191616",""
"2026-04-19 19:16:16","INFO","======================================================================","20260419_191616",""
"2026-04-19 19:16:16","INFO","Loading the data...","20260419_191616",""
"2026-04-19 19:16:16","INFO","Successfully loaded 52 rows from Sales_data.csv","20260419_191616",""
"2026-04-19 19:16:16","INFO","Cleaning data...","20260419_191616",""
"2026-04-19 19:16:16","INFO","Starting with 52 rows","20260419_191616",""
"2026-04-19 19:16:16","INFO","Removed 2 duplicate rows","20260419_191616",""
"2026-04-19 19:16:16","WARNING","Found 2 missing quantity values","20260419_191616",""
"2026-04-19 19:16:16","INFO","  - Filled 2 missing quantity for 'Chair' with median: 5.0","20260419_191616",""
"2026-04-19 19:16:16","INFO","Quantity cleaning complete","20260419_191616",""
"2026-04-19 19:16:16","WARNING","Found 2 missing salesperson names","20260419_191616",""
"2026-04-19 19:16:16","INFO","Labeled missing salespeople as 'Unknown'","20260419_191616",""
"2026-04-19 19:16:16","INFO","All dates are valid","20260419_191616",""
"2026-04-19 19:16:16","INFO","Cleaning complete! Final row count: 50","20260419_191616",""
"2026-04-19 19:16:16","INFO","Transforming data...","20260419_191616",""
"2026-04-19 19:16:16","INFO","Calculated revenue for 50 transactions","20260419_191616",""
"2026-04-19 19:16:16","INFO","Total revenue across all transactions: $918;500.00","20260419_191616",""
"2026-04-19 19:16:16","INFO","Extracted year and month from dates","20260419_191616",""
"2026-04-19 19:16:16","INFO","Date range: 2024-01-05 00:00:00 to 2024-04-30 00:00:00","20260419_191616",""
"2026-04-19 19:16:16","INFO","Transformation complete","20260419_191616",""
"2026-04-19 19:16:16","INFO","Aggregating data...","20260419_191616",""
"2026-04-19 19:16:16","INFO","Aggregated revenue by region: 4 regions","20260419_191616",""
"2026-04-19 19:16:16","INFO","Top region: East ($270;000.00)","20260419_191616",""
"2026-04-19 19:16:16","INFO","Aggregated revenue by product: 5 products","20260419_191616",""
"2026-04-19 19:16:16","INFO","Aggregated revenue by category: 2 categories","20260419_191616",""
"2026-04-19 19:16:16","INFO","Aggregated revenue by month","20260419_191616",""
"2026-04-19 19:16:16","INFO","Aggregated revenue by salesperson: 5 salespeople","20260419_191616",""
"2026-04-19 19:16:16","INFO","Top salesperson: David ($270;000.00)","20260419_191616",""
"2026-04-19 19:16:16","INFO","Exporting data...","20260419_191616",""
"2026-04-19 19:16:16","INFO","Exported clean data (50 rows) to /mnt/c/sc_JabulanePoulo_2026/Sales Analysis Project 2026/output/clean_sales.csv","20260419_191616",""
"2026-04-19 19:16:16","INFO","Exported sales_by_region (4 rows) to /mnt/c/sc_JabulanePoulo_2026/Sales Analysis Project 2026/output/sales_by_region.csv","20260419_191616",""
"2026-04-19 19:16:16","INFO","Exported sales_by_product (5 rows) to /mnt/c/sc_JabulanePoulo_2026/Sales Analysis Project 2026/output/sales_by_product.csv","20260419_191616",""
"2026-04-19 19:16:16","INFO","Exported sales_by_category (2 rows) to /mnt/c/sc_JabulanePoulo_2026/Sales Analysis Project 2026/output/sales_by_category.csv","20260419_191616",""
"2026-04-19 19:16:16","INFO","Exported monthly_revenue (4 rows) to /mnt/c/sc_JabulanePoulo_2026/Sales Analysis Project 2026/output/monthly_revenue.csv","20260419_191616",""
"2026-04-19 19:16:16","INFO","Exported salesperson_performance (5 rows) to /mnt/c/sc_JabulanePoulo_2026/Sales Analysis Project 2026/output/salesperson_performance.csv","20260419_191616",""
"2026-04-19 19:16:16","INFO","Exported top_salespeople (5 rows) to /mnt/c/sc_JabulanePoulo_2026/Sales Analysis Project 2026/output/top_salespeople.csv","20260419_191616",""
"2026-04-19 19:16:16","INFO","Export complete","20260419_191616",""
"2026-04-19 19:16:16","INFO","======================================================================","20260419_191616",""
"2026-04-19 19:16:16","INFO","PIPELINE COMPLETED SUCCESSFULLY","20260419_191616",""
"2026-04-19 19:16:16","INFO","======================================================================","20260419_191616",""
"2026-04-19 19:16:16","INFO","Script completed successfully","20260419_191616",""
"2026-04-19 19:17:48","INFO","CSV log file: /mnt/c/sc_JabulanePoulo_2026/Sales Analysis Project 2026/output/logs/logs.csv","20260419_191748",""
"2026-04-19 19:17:48","INFO","Script Run ID: 20260419_191748","20260419_191748",""
"2026-04-19 19:17:48","INFO","Logging level: DEBUG (capturing all messages)","20260419_191748",""
"2026-04-19 19:17:48","INFO","Project root: /mnt/c/sc_JabulanePoulo_2026/Sales Analysis Project 2026","20260419_191748",""
"2026-04-19 19:17:48","INFO","Looking for data file: /mnt/c/sc_JabulanePoulo_2026/Sales Analysis Project 2026/data/Sales_data.csv","20260419_191748",""
"2026-04-19 19:17:48","INFO","Processor initialised with input: /mnt/c/sc_JabulanePoulo_2026/Sales Analysis Project 2026/data/Sales_data.csv","20260419_191748",""
"2026-04-19 19:17:48","INFO","======================================================================","20260419_191748",""
"2026-04-19 19:17:48","INFO","STARTING NEW PIPELINE EXECUTION","20260419_191748",""
"2026-04-19 19:17:48","INFO","======================================================================","20260419_191748",""
"2026-04-19 19:17:48","INFO","Loading the data...","20260419_191748",""
"2026-04-19 19:17:48","INFO","Successfully loaded 52 rows from Sales_data.csv","20260419_191748",""
"2026-04-19 19:17:48","INFO","Cleaning data...","20260419_191748",""
"2026-04-19 19:17:48","INFO","Starting with 52 rows","20260419_191748",""
"2026-04-19 19:17:48","INFO","Removed 2 duplicate rows","20260419_191748",""
"2026-04-19 19:17:48","WARNING","Found 2 missing quantity values","20260419_191748",""
"2026-04-19 19:17:48","INFO","  - Filled 2 missing quantity for 'Chair' with median: 5.0","20260419_191748",""
"2026-04-19 19:17:48","INFO","Quantity cleaning complete","20260419_191748",""
"2026-04-19 19:17:48","WARNING","Found 2 missing salesperson names","20260419_191748",""
"2026-04-19 19:17:48","INFO","Labeled missing salespeople as 'Unknown'","20260419_191748",""
"2026-04-19 19:17:48","INFO","All dates are valid","20260419_191748",""
"2026-04-19 19:17:48","INFO","Cleaning complete! Final row count: 50","20260419_191748",""
"2026-04-19 19:17:48","INFO","Transforming data...","20260419_191748",""
"2026-04-19 19:17:48","INFO","Calculated revenue for 50 transactions","20260419_191748",""
"2026-04-19 19:17:48","INFO","Total revenue across all transactions: $918;500.00","20260419_191748",""
"2026-04-19 19:17:48","INFO","Extracted year and month from dates","20260419_191748",""
"2026-04-19 19:17:48","INFO","Date range: 2024-01-05 00:00:00 to 2024-04-30 00:00:00","20260419_191748",""
"2026-04-19 19:17:48","INFO","Transformation complete","20260419_191748",""
"2026-04-19 19:17:48","INFO","Aggregating data...","20260419_191748",""
"2026-04-19 19:17:48","INFO","Aggregated revenue by region: 4 regions","20260419_191748",""
"2026-04-19 19:17:48","INFO","Top region: East ($270;000.00)","20260419_191748",""
"2026-04-19 19:17:48","INFO","Aggregated revenue by product: 5 products","20260419_191748",""
"2026-04-19 19:17:48","INFO","Aggregated revenue by category: 2 categories","20260419_191748",""
"2026-04-19 19:17:48","INFO","Aggregated revenue by month","20260419_191748",""
"2026-04-19 19:17:48","INFO","Aggregated revenue by salesperson: 5 salespeople","20260419_191748",""
"2026-04-19 19:17:48","INFO","Top salesperson: David ($270;000.00)","20260419_191748",""
"2026-04-19 19:17:48","INFO","Exporting data...","20260419_191748",""
"2026-04-19 19:17:48","INFO","Exported clean data (50 rows) to /mnt/c/sc_JabulanePoulo_2026/Sales Analysis Project 2026/output/clean_sales.csv","20260419_191748",""
"2026-04-19 19:17:48","INFO","Exported sales_by_region (4 rows) to /mnt/c/sc_JabulanePoulo_2026/Sales Analysis Project 2026/output/sales_by_region.csv","20260419_191748",""
"2026-04-19 19:17:48","INFO","Exported sales_by_product (5 rows) to /mnt/c/sc_JabulanePoulo_2026/Sales Analysis Project 2026/output/sales_by_product.csv","20260419_191748",""
"2026-04-19 19:17:48","INFO","Exported sales_by_category (2 rows) to /mnt/c/sc_JabulanePoulo_2026/Sales Analysis Project 2026/output/sales_by_category.csv","20260419_191748",""
"2026-04-19 19:17:49","INFO","Exported monthly_revenue (4 rows) to /mnt/c/sc_JabulanePoulo_2026/Sales Analysis Project 2026/output/monthly_revenue.csv","20260419_191748",""
"2026-04-19 19:17:49","INFO","Exported salesperson_performance (5 rows) to /mnt/c/sc_JabulanePoulo_2026/Sales Analysis Project 2026/output/salesperson_performance.csv","20260419_191748",""
"2026-04-19 19:17:49","INFO","Exported top_salespeople (5 rows) to /mnt/c/sc_JabulanePoulo_2026/Sales Analysis Project 2026/output/top_salespeople.csv","20260419_191748",""
"2026-04-19 19:17:49","INFO","Export complete","20260419_191748",""
"2026-04-19 19:17:49","INFO","======================================================================","20260419_191748",""
"2026-04-19 19:17:49","INFO","PIPELINE COMPLETED SUCCESSFULLY","20260419_191748",""
"2026-04-19 19:17:49","INFO","======================================================================","20260419_191748",""
"2026-04-19 19:17:49","INFO","Script completed successfully","20260419_191748",""
"2026-04-19 19:18:13","INFO","CSV log file: /mnt/c/sc_JabulanePoulo_2026/Sales Analysis Project 2026/output/logs/logs.csv","20260419_191813",""
"2026-04-19 19:18:13","INFO","Script Run ID: 20260419_191813","20260419_191813",""
"2026-04-19 19:18:13","INFO","Logging level: DEBUG (capturing all messages)","20260419_191813",""
"2026-04-19 19:18:13","INFO","Project root: /mnt/c/sc_JabulanePoulo_2026/Sales Analysis Project 2026","20260419_191813",""
"2026-04-19 19:18:13","INFO","Looking for data file: /mnt/c/sc_JabulanePoulo_2026/Sales Analysis Project 2026/data/Sales_data.csv","20260419_191813",""
"2026-04-19 19:18:13","INFO","Processor initialised with input: /mnt/c/sc_JabulanePoulo_2026/Sales Analysis Project 2026/data/Sales_data.csv","20260419_191813",""
"2026-04-19 19:18:13","INFO","======================================================================","20260419_191813",""
"2026-04-19 19:18:13","INFO","STARTING NEW PIPELINE EXECUTION","20260419_191813",""
"2026-04-19 19:18:13","INFO","======================================================================","20260419_191813",""
"2026-04-19 19:18:13","INFO","Loading the data...","20260419_191813",""
"2026-04-19 19:18:13","INFO","Successfully loaded 52 rows from Sales_data.csv","20260419_191813",""
"2026-04-19 19:18:13","CRITICAL","UNHANDLED PIPELINE ERROR: 'SalesDataProcessor' object has no attribute 'clean_data'","20260419_191813",""
"2026-04-19 19:18:13","CRITICAL","Traceback (most recent call last):   File '/mnt/c/sc_JabulanePoulo_2026/Sales Analysis Project 2026/scripts/process_data.py'; line 406; in run_pipeline     if not self.clean_data():            ^^^^^^^^^^^^^^^ AttributeError: 'SalesDataProcessor' object has no attribute 'clean_data'. Did you mean: 'clean_dat'? ","20260419_191813",""
"2026-04-19 19:18:13","CRITICAL","MAIN FUNCTION ERROR: Pipeline execution failed - check logs for details","20260419_191813",""
"2026-04-19 19:18:13","CRITICAL","Traceback (most recent call last):   File '/mnt/c/sc_JabulanePoulo_2026/Sales Analysis Project 2026/scripts/process_data.py'; line 467; in main     raise RuntimeError('Pipeline execution failed - check logs for details') RuntimeError: Pipeline execution failed - check logs for details ","20260419_191813",""
"2026-04-19 19:30:18","INFO","CSV log file: /mnt/c/sc_JabulanePoulo_2026/Sales Analysis Project 2026/output/logs/logs.csv","20260419_193018",""
"2026-04-19 19:30:18","INFO","Script Run ID: 20260419_193018","20260419_193018",""
"2026-04-19 19:30:18","INFO","Logging level: DEBUG (capturing all messages)","20260419_193018",""
"2026-04-19 19:30:18","INFO","Project root: /mnt/c/sc_JabulanePoulo_2026/Sales Analysis Project 2026","20260419_193018",""
"2026-04-19 19:30:18","INFO","Looking for data file: /mnt/c/sc_JabulanePoulo_2026/Sales Analysis Project 2026/data/Sales_data.csv","20260419_193018",""
"2026-04-19 19:30:18","INFO","Processor initialised with input: /mnt/c/sc_JabulanePoulo_2026/Sales Analysis Project 2026/data/Sales_data.csv","20260419_193018",""
"2026-04-19 19:30:18","INFO","======================================================================","20260419_193018",""
"2026-04-19 19:30:18","INFO","STARTING NEW PIPELINE EXECUTION","20260419_193018",""
"2026-04-19 19:30:18","INFO","======================================================================","20260419_193018",""
"2026-04-19 19:30:18","INFO","Loading the data...","20260419_193018",""
"2026-04-19 19:30:18","INFO","Successfully loaded 52 rows from Sales_data.csv","20260419_193018",""
"2026-04-19 19:30:18","INFO","Cleaning data...","20260419_193018",""
"2026-04-19 19:30:18","INFO","Starting with 52 rows","20260419_193018",""
"2026-04-19 19:30:18","INFO","Removed 2 duplicate rows","20260419_193018",""
"2026-04-19 19:30:18","WARNING","Found 2 missing quantity values","20260419_193018",""
"2026-04-19 19:30:18","INFO","  - Filled 2 missing quantity for 'Chair' with median: 5.0","20260419_193018",""
"2026-04-19 19:30:18","INFO","Quantity cleaning complete","20260419_193018",""
"2026-04-19 19:30:18","WARNING","Found 2 missing salesperson names","20260419_193018",""
"2026-04-19 19:30:18","INFO","Labeled missing salespeople as 'Unknown'","20260419_193018",""
"2026-04-19 19:30:18","INFO","All dates are valid","20260419_193018",""
"2026-04-19 19:30:18","INFO","Cleaning complete! Final row count: 50","20260419_193018",""
"2026-04-19 19:30:18","INFO","Transforming data...","20260419_193018",""
"2026-04-19 19:30:18","INFO","Calculated revenue for 50 transactions","20260419_193018",""
"2026-04-19 19:30:18","INFO","Total revenue across all transactions: $918;500.00","20260419_193018",""
"2026-04-19 19:30:18","INFO","Extracted year and month abbreviations from dates","20260419_193018",""
"2026-04-19 19:30:18","INFO","Date range: 2024-01-05 00:00:00 to 2024-04-30 00:00:00","20260419_193018",""
"2026-04-19 19:30:18","INFO","Months in data: ['Jan'; 'Feb'; 'Mar'; 'Apr']","20260419_193018",""
"2026-04-19 19:30:18","INFO","Transformation complete","20260419_193018",""
"2026-04-19 19:30:18","INFO","Aggregating data...","20260419_193018",""
"2026-04-19 19:30:18","INFO","Aggregated revenue by region: 4 regions","20260419_193018",""
"2026-04-19 19:30:18","INFO","Top region: East ($270;000.00)","20260419_193018",""
"2026-04-19 19:30:18","INFO","Aggregated revenue by product: 5 products","20260419_193018",""
"2026-04-19 19:30:18","INFO","Aggregated revenue by category: 2 categories","20260419_193018",""
"2026-04-19 19:30:18","INFO","Aggregated revenue by month","20260419_193018",""
"2026-04-19 19:30:18","INFO","Aggregated revenue by salesperson: 5 salespeople","20260419_193018",""
"2026-04-19 19:30:18","INFO","Top salesperson: David ($270;000.00)","20260419_193018",""
"2026-04-19 19:30:18","INFO","Exporting data...","20260419_193018",""
"2026-04-19 19:30:18","INFO","Exported clean data (50 rows) to /mnt/c/sc_JabulanePoulo_2026/Sales Analysis Project 2026/output/clean_sales.csv","20260419_193018",""
"2026-04-19 19:30:18","INFO","Exported sales_by_region (4 rows) to /mnt/c/sc_JabulanePoulo_2026/Sales Analysis Project 2026/output/sales_by_region.csv","20260419_193018",""
"2026-04-19 19:30:18","INFO","Exported sales_by_product (5 rows) to /mnt/c/sc_JabulanePoulo_2026/Sales Analysis Project 2026/output/sales_by_product.csv","20260419_193018",""
"2026-04-19 19:30:18","INFO","Exported sales_by_category (2 rows) to /mnt/c/sc_JabulanePoulo_2026/Sales Analysis Project 2026/output/sales_by_category.csv","20260419_193018",""
"2026-04-19 19:30:18","INFO","Exported monthly_revenue (4 rows) to /mnt/c/sc_JabulanePoulo_2026/Sales Analysis Project 2026/output/monthly_revenue.csv","20260419_193018",""
"2026-04-19 19:30:18","INFO","Exported salesperson_performance (5 rows) to /mnt/c/sc_JabulanePoulo_2026/Sales Analysis Project 2026/output/salesperson_performance.csv","20260419_193018",""
"2026-04-19 19:30:18","INFO","Exported top_salespeople (5 rows) to /mnt/c/sc_JabulanePoulo_2026/Sales Analysis Project 2026/output/top_salespeople.csv","20260419_193018",""
"2026-04-19 19:30:18","INFO","Export complete","20260419_193018",""
"2026-04-19 19:30:18","INFO","======================================================================","20260419_193018",""
"2026-04-19 19:30:18","INFO","PIPELINE COMPLETED SUCCESSFULLY","20260419_193018",""
"2026-04-19 19:30:18","INFO","======================================================================","20260419_193018",""
"2026-04-19 19:30:18","INFO","Script completed successfully","20260419_193018",""
"2026-04-19 19:36:45","INFO","CSV log file: /mnt/c/sc_JabulanePoulo_2026/Sales Analysis Project 2026/output/logs/logs.csv","20260419_193645",""
"2026-04-19 19:36:45","INFO","Script Run ID: 20260419_193645","20260419_193645",""
"2026-04-19 19:36:45","INFO","Logging level: DEBUG (capturing all messages)","20260419_193645",""
"2026-04-19 19:36:45","INFO","Project root: /mnt/c/sc_JabulanePoulo_2026/Sales Analysis Project 2026","20260419_193645",""
"2026-04-19 19:36:45","INFO","Looking for data file: /mnt/c/sc_JabulanePoulo_2026/Sales Analysis Project 2026/data/Sales_data.csv","20260419_193645",""
"2026-04-19 19:36:45","INFO","Processor initialised with input: /mnt/c/sc_JabulanePoulo_2026/Sales Analysis Project 2026/data/Sales_data.csv","20260419_193645",""
"2026-04-19 19:36:45","INFO","======================================================================","20260419_193645",""
"2026-04-19 19:36:45","INFO","STARTING NEW PIPELINE EXECUTION","20260419_193645",""
"2026-04-19 19:36:45","INFO","======================================================================","20260419_193645",""
"2026-04-19 19:36:45","INFO","Loading the data...","20260419_193645",""
"2026-04-19 19:36:45","INFO","Successfully loaded 52 rows from Sales_data.csv","20260419_193645",""
"2026-04-19 19:36:45","INFO","Cleaning data...","20260419_193645",""
"2026-04-19 19:36:45","INFO","Starting with 52 rows","20260419_193645",""
"2026-04-19 19:36:45","INFO","Removed 2 duplicate rows","20260419_193645",""
"2026-04-19 19:36:45","WARNING","Found 2 missing quantity values","20260419_193645",""
"2026-04-19 19:36:45","INFO","  - Filled 2 missing quantity for 'Chair' with median: 5.0","20260419_193645",""
"2026-04-19 19:36:45","INFO","Quantity cleaning complete","20260419_193645",""
"2026-04-19 19:36:45","WARNING","Found 2 missing salesperson names","20260419_193645",""
"2026-04-19 19:36:45","INFO","Labeled missing salespeople as 'Unknown'","20260419_193645",""
"2026-04-19 19:36:45","INFO","All dates are valid","20260419_193645",""
"2026-04-19 19:36:45","INFO","Cleaning complete! Final row count: 50","20260419_193645",""
"2026-04-19 19:36:45","INFO","Transforming data...","20260419_193645",""
"2026-04-19 19:36:45","INFO","Calculated revenue for 50 transactions","20260419_193645",""
"2026-04-19 19:36:45","INFO","Total revenue across all transactions: $918;500.00","20260419_193645",""
"2026-04-19 19:36:45","INFO","Extracted year and month from dates","20260419_193645",""
"2026-04-19 19:36:45","INFO","Date range: 2024-01-05 00:00:00 to 2024-04-30 00:00:00","20260419_193645",""
"2026-04-19 19:36:45","INFO","Transformation complete","20260419_193645",""
"2026-04-19 19:36:45","INFO","Aggregating data...","20260419_193645",""
"2026-04-19 19:36:45","INFO","Aggregated revenue by region: 4 regions","20260419_193645",""
"2026-04-19 19:36:45","INFO","Top region: East ($270;000.00)","20260419_193645",""
"2026-04-19 19:36:45","INFO","Aggregated revenue by product: 5 products","20260419_193645",""
"2026-04-19 19:36:45","INFO","Aggregated revenue by category: 2 categories","20260419_193645",""
"2026-04-19 19:36:45","INFO","Aggregated revenue by month","20260419_193645",""
"2026-04-19 19:36:45","INFO","Aggregated revenue by salesperson: 5 salespeople","20260419_193645",""
"2026-04-19 19:36:45","INFO","Top salesperson: David ($270;000.00)","20260419_193645",""
"2026-04-19 19:36:45","INFO","Exporting data...","20260419_193645",""
"2026-04-19 19:36:45","INFO","Exported clean data (50 rows) to /mnt/c/sc_JabulanePoulo_2026/Sales Analysis Project 2026/output/clean_sales.csv","20260419_193645",""
"2026-04-19 19:36:45","INFO","Exported sales_by_region (4 rows) to /mnt/c/sc_JabulanePoulo_2026/Sales Analysis Project 2026/output/sales_by_region.csv","20260419_193645",""
"2026-04-19 19:36:45","INFO","Exported sales_by_product (5 rows) to /mnt/c/sc_JabulanePoulo_2026/Sales Analysis Project 2026/output/sales_by_product.csv","20260419_193645",""
"2026-04-19 19:36:45","INFO","Exported sales_by_category (2 rows) to /mnt/c/sc_JabulanePoulo_2026/Sales Analysis Project 2026/output/sales_by_category.csv","20260419_193645",""
"2026-04-19 19:36:45","INFO","Exported monthly_revenue (4 rows) to /mnt/c/sc_JabulanePoulo_2026/Sales Analysis Project 2026/output/monthly_revenue.csv","20260419_193645",""
"2026-04-19 19:36:45","INFO","Exported salesperson_performance (5 rows) to /mnt/c/sc_JabulanePoulo_2026/Sales Analysis Project 2026/output/salesperson_performance.csv","20260419_193645",""
"2026-04-19 19:36:45","INFO","Exported top_salespeople (5 rows) to /mnt/c/sc_JabulanePoulo_2026/Sales Analysis Project 2026/output/top_salespeople.csv","20260419_193645",""
"2026-04-19 19:36:45","INFO","Export complete","20260419_193645",""
"2026-04-19 19:36:45","INFO","======================================================================","20260419_193645",""
"2026-04-19 19:36:46","INFO","PIPELINE COMPLETED SUCCESSFULLY","20260419_193645",""
"2026-04-19 19:36:46","INFO","======================================================================","20260419_193645",""
"2026-04-19 19:36:46","INFO","Script completed successfully","20260419_193645",""
"2026-04-19 19:39:18","INFO","CSV log file: /mnt/c/sc_JabulanePoulo_2026/Sales Analysis Project 2026/output/logs/logs.csv","20260419_193918",""
"2026-04-19 19:39:18","INFO","Script Run ID: 20260419_193918","20260419_193918",""
"2026-04-19 19:39:18","INFO","Logging level: DEBUG (capturing all messages)","20260419_193918",""
"2026-04-19 19:39:18","INFO","Project root: /mnt/c/sc_JabulanePoulo_2026/Sales Analysis Project 2026","20260419_193918",""
"2026-04-19 19:39:18","INFO","Looking for data file: /mnt/c/sc_JabulanePoulo_2026/Sales Analysis Project 2026/data/Sales_data.csv","20260419_193918",""
"2026-04-19 19:39:18","INFO","Processor initialised with input: /mnt/c/sc_JabulanePoulo_2026/Sales Analysis Project 2026/data/Sales_data.csv","20260419_193918",""
"2026-04-19 19:39:18","INFO","======================================================================","20260419_193918",""
"2026-04-19 19:39:18","INFO","STARTING NEW PIPELINE EXECUTION","20260419_193918",""
"2026-04-19 19:39:18","INFO","======================================================================","20260419_193918",""
"2026-04-19 19:39:18","INFO","Loading the data...","20260419_193918",""
"2026-04-19 19:39:18","INFO","Successfully loaded 52 rows from Sales_data.csv","20260419_193918",""
"2026-04-19 19:39:18","INFO","Cleaning data...","20260419_193918",""
"2026-04-19 19:39:18","INFO","Starting with 52 rows","20260419_193918",""
"2026-04-19 19:39:18","INFO","Removed 2 duplicate rows","20260419_193918",""
"2026-04-19 19:39:18","WARNING","Found 2 missing quantity values","20260419_193918",""
"2026-04-19 19:39:18","INFO","  - Filled 2 missing quantity for 'Chair' with median: 5.0","20260419_193918",""
"2026-04-19 19:39:18","INFO","Quantity cleaning complete","20260419_193918",""
"2026-04-19 19:39:18","WARNING","Found 2 missing salesperson names","20260419_193918",""
"2026-04-19 19:39:18","INFO","Labeled missing salespeople as 'Unknown'","20260419_193918",""
"2026-04-19 19:39:18","INFO","All dates are valid","20260419_193918",""
"2026-04-19 19:39:18","INFO","Cleaning complete! Final row count: 50","20260419_193918",""
"2026-04-19 19:39:18","INFO","Transforming data...","20260419_193918",""
"2026-04-19 19:39:18","INFO","Calculated revenue for 50 transactions","20260419_193918",""
"2026-04-19 19:39:18","INFO","Total revenue across all transactions: $918;500.00","20260419_193918",""
"2026-04-19 19:39:18","INFO","Extracted year and month from dates","20260419_193918",""
"2026-04-19 19:39:18","INFO","Date range: 2024-01-05 00:00:00 to 2024-04-30 00:00:00","20260419_193918",""
"2026-04-19 19:39:18","INFO","Transformation complete","20260419_193918",""
"2026-04-19 19:39:18","INFO","Aggregating data...","20260419_193918",""
"2026-04-19 19:39:18","INFO","Aggregated revenue by region: 4 regions","20260419_193918",""
"2026-04-19 19:39:18","INFO","Top region: East ($270;000.00)","20260419_193918",""
"2026-04-19 19:39:18","INFO","Aggregated revenue by product: 5 products","20260419_193918",""
"2026-04-19 19:39:18","INFO","Aggregated revenue by category: 2 categories","20260419_193918",""
"2026-04-19 19:39:18","INFO","Aggregated revenue by month","20260419_193918",""
"2026-04-19 19:39:18","INFO","Aggregated revenue by salesperson: 5 salespeople","20260419_193918",""
"2026-04-19 19:39:18","INFO","Top salesperson: David ($270;000.00)","20260419_193918",""
"2026-04-19 19:39:18","INFO","Exporting data...","20260419_193918",""
"2026-04-19 19:39:18","INFO","Exported clean data (50 rows) to /mnt/c/sc_JabulanePoulo_2026/Sales Analysis Project 2026/output/clean_sales.csv","20260419_193918",""
"2026-04-19 19:39:18","INFO","Exported sales_by_region (4 rows) to /mnt/c/sc_JabulanePoulo_2026/Sales Analysis Project 2026/output/sales_by_region.csv","20260419_193918",""
"2026-04-19 19:39:18","INFO","Exported sales_by_product (5 rows) to /mnt/c/sc_JabulanePoulo_2026/Sales Analysis Project 2026/output/sales_by_product.csv","20260419_193918",""
"2026-04-19 19:39:18","INFO","Exported sales_by_category (2 rows) to /mnt/c/sc_JabulanePoulo_2026/Sales Analysis Project 2026/output/sales_by_category.csv","20260419_193918",""
"2026-04-19 19:39:18","INFO","Exported monthly_revenue (4 rows) to /mnt/c/sc_JabulanePoulo_2026/Sales Analysis Project 2026/output/monthly_revenue.csv","20260419_193918",""
"2026-04-19 19:39:18","INFO","Exported salesperson_performance (5 rows) to /mnt/c/sc_JabulanePoulo_2026/Sales Analysis Project 2026/output/salesperson_performance.csv","20260419_193918",""
"2026-04-19 19:39:18","INFO","Exported top_salespeople (5 rows) to /mnt/c/sc_JabulanePoulo_2026/Sales Analysis Project 2026/output/top_salespeople.csv","20260419_193918",""
"2026-04-19 19:39:18","INFO","Export complete","20260419_193918",""
"2026-04-19 19:39:18","INFO","======================================================================","20260419_193918",""
"2026-04-19 19:39:18","INFO","PIPELINE COMPLETED SUCCESSFULLY","20260419_193918",""
"2026-04-19 19:39:18","INFO","======================================================================","20260419_193918",""
"2026-04-19 19:39:18","INFO","Script completed successfully","20260419_193918",""
"2026-04-19 19:44:55","INFO","Script Run ID: 20260419_194455","20260419_194455",""
"2026-04-19 19:44:55","INFO","Log file: /mnt/c/sc_JabulanePoulo_2026/Sales Analysis Project 2026/output/logs/logs.csv","20260419_194455",""
"2026-04-19 19:44:55","INFO","Processor initialised","20260419_194455",""
"2026-04-19 19:44:55","INFO","==================================================","20260419_194455",""
"2026-04-19 19:44:55","INFO","STARTING PIPELINE","20260419_194455",""
"2026-04-19 19:44:55","INFO","==================================================","20260419_194455",""
"2026-04-19 19:44:55","INFO","Loading data...","20260419_194455",""
"2026-04-19 19:44:55","INFO","Loaded 52 rows","20260419_194455",""
"2026-04-19 19:44:55","INFO","Cleaning data...","20260419_194455",""
"2026-04-19 19:44:55","INFO","Removed 2 duplicates","20260419_194455",""
"2026-04-19 19:44:55","WARNING","Found 2 missing quantities","20260419_194455",""
"2026-04-19 19:44:55","INFO","Quantity cleaning complete","20260419_194455",""
"2026-04-19 19:44:55","WARNING","Found 2 missing salespeople","20260419_194455",""
"2026-04-19 19:44:55","INFO","Labeled as 'Unknown'","20260419_194455",""
"2026-04-19 19:44:55","INFO","Cleaning complete: 50 rows","20260419_194455",""
"2026-04-19 19:44:55","INFO","Transforming data...","20260419_194455",""
"2026-04-19 19:44:55","INFO","Calculated revenue: $918;500.00","20260419_194455",""
"2026-04-19 19:44:55","INFO","Date range: 2024-01-05 00:00:00 to 2024-04-30 00:00:00","20260419_194455",""
"2026-04-19 19:44:55","INFO","Transformation complete","20260419_194455",""
"2026-04-19 19:44:55","INFO","Aggregating data...","20260419_194455",""
"2026-04-19 19:44:55","INFO","Found 4 regions","20260419_194455",""
"2026-04-19 19:44:55","INFO","Found 5 products","20260419_194455",""
"2026-04-19 19:44:55","INFO","Found 2 categories","20260419_194455",""
"2026-04-19 19:44:55","INFO","Monthly revenue aggregated","20260419_194455",""
"2026-04-19 19:44:55","INFO","Found 5 salespeople","20260419_194455",""
"2026-04-19 19:44:55","INFO","Exporting data...","20260419_194455",""
"2026-04-19 19:44:55","INFO","Exported clean data","20260419_194455",""
"2026-04-19 19:44:55","INFO","Exported sales_by_region","20260419_194455",""
"2026-04-19 19:44:55","INFO","Exported sales_by_product","20260419_194455",""
"2026-04-19 19:44:55","INFO","Exported sales_by_category","20260419_194455",""
"2026-04-19 19:44:55","INFO","Exported monthly_revenue","20260419_194455",""
"2026-04-19 19:44:55","INFO","Exported salesperson_performance","20260419_194455",""
"2026-04-19 19:44:55","INFO","Exported top_salespeople","20260419_194455",""
"2026-04-19 19:44:55","INFO","Export complete","20260419_194455",""
"2026-04-19 19:44:55","INFO","==================================================","20260419_194455",""
"2026-04-19 19:44:55","INFO","PIPELINE COMPLETED SUCCESSFULLY","20260419_194455",""
"2026-04-19 19:44:55","INFO","==================================================","20260419_194455",""
"2026-04-19 19:49:01","INFO","Script Run ID: 20260419_194900","20260419_194900",""
"2026-04-19 19:49:01","INFO","Log file: /mnt/c/sc_JabulanePoulo_2026/Sales Analysis Project 2026/output/logs/logs.csv","20260419_194900",""
"2026-04-19 19:49:01","INFO","Processor initialised","20260419_194900",""
"2026-04-19 19:49:01","INFO","==================================================","20260419_194900",""
"2026-04-19 19:49:01","INFO","STARTING PIPELINE","20260419_194900",""
"2026-04-19 19:49:01","INFO","==================================================","20260419_194900",""
"2026-04-19 19:49:01","INFO","Loading data...","20260419_194900",""
"2026-04-19 19:49:01","INFO","Loaded 52 rows","20260419_194900",""
"2026-04-19 19:49:01","INFO","Cleaning data...","20260419_194900",""
"2026-04-19 19:49:01","INFO","Removed 2 duplicates","20260419_194900",""
"2026-04-19 19:49:01","WARNING","Found 2 missing quantities","20260419_194900",""
"2026-04-19 19:49:01","INFO","Quantity cleaning complete","20260419_194900",""
"2026-04-19 19:49:01","WARNING","Found 2 missing salespeople","20260419_194900",""
"2026-04-19 19:49:01","INFO","Labeled as 'Unknown'","20260419_194900",""
"2026-04-19 19:49:01","INFO","Cleaning complete: 50 rows","20260419_194900",""
"2026-04-19 19:49:01","INFO","Transforming data...","20260419_194900",""
"2026-04-19 19:49:01","INFO","Calculated revenue: $918;500.00","20260419_194900",""
"2026-04-19 19:49:01","INFO","Date range: 2024-01-05 00:00:00 to 2024-04-30 00:00:00","20260419_194900",""
"2026-04-19 19:49:01","INFO","Transformation complete","20260419_194900",""
"2026-04-19 19:49:01","INFO","Aggregating data...","20260419_194900",""
"2026-04-19 19:49:01","INFO","Found 4 regions","20260419_194900",""
"2026-04-19 19:49:01","INFO","Found 5 products","20260419_194900",""
"2026-04-19 19:49:01","INFO","Found 2 categories","20260419_194900",""
"2026-04-19 19:49:01","INFO","Monthly revenue aggregated","20260419_194900",""
"2026-04-19 19:49:01","INFO","Found 5 salespeople","20260419_194900",""
"2026-04-19 19:49:01","INFO","Exporting data...","20260419_194900",""
"2026-04-19 19:49:01","INFO","Exported clean data","20260419_194900",""
"2026-04-19 19:49:01","INFO","Exported sales_by_region","20260419_194900",""
"2026-04-19 19:49:01","INFO","Exported sales_by_product","20260419_194900",""
"2026-04-19 19:49:01","INFO","Exported sales_by_category","20260419_194900",""
"2026-04-19 19:49:01","INFO","Exported monthly_revenue","20260419_194900",""
"2026-04-19 19:49:01","INFO","Exported salesperson_performance","20260419_194900",""
"2026-04-19 19:49:01","INFO","Exported top_salespeople","20260419_194900",""
"2026-04-19 19:49:01","INFO","Export complete","20260419_194900",""
"2026-04-19 19:49:01","INFO","==================================================","20260419_194900",""
"2026-04-19 19:49:01","INFO","PIPELINE COMPLETED SUCCESSFULLY","20260419_194900",""
"2026-04-19 19:49:01","INFO","==================================================","20260419_194900",""
"2026-04-19 19:52:39","INFO","Script Run ID: 20260419_195239","20260419_195239",""
"2026-04-19 19:52:39","INFO","Log file: /mnt/c/sc_JabulanePoulo_2026/Sales Analysis Project 2026/output/logs/logs.csv","20260419_195239",""
"2026-04-19 19:52:39","INFO","Processor initialised","20260419_195239",""
"2026-04-19 19:52:39","INFO","==================================================","20260419_195239",""
"2026-04-19 19:52:39","INFO","STARTING PIPELINE","20260419_195239",""
"2026-04-19 19:52:39","INFO","==================================================","20260419_195239",""
"2026-04-19 19:52:39","INFO","Loading data...","20260419_195239",""
"2026-04-19 19:52:39","INFO","Loaded 52 rows","20260419_195239",""
"2026-04-19 19:52:39","INFO","Cleaning data...","20260419_195239",""
"2026-04-19 19:52:39","INFO","Removed 2 duplicates","20260419_195239",""
"2026-04-19 19:52:39","WARNING","Found 2 missing quantities","20260419_195239",""
"2026-04-19 19:52:40","INFO","Quantity cleaning complete","20260419_195239",""
"2026-04-19 19:52:40","WARNING","Found 2 missing salespeople","20260419_195239",""
"2026-04-19 19:52:40","INFO","Labeled as 'Unknown'","20260419_195239",""
"2026-04-19 19:52:40","INFO","Cleaning complete: 50 rows","20260419_195239",""
"2026-04-19 19:52:40","INFO","Transforming data...","20260419_195239",""
"2026-04-19 19:52:40","INFO","Calculated revenue: R918;500.00","20260419_195239",""
"2026-04-19 19:52:40","INFO","Date range: 2024-01-05 00:00:00 to 2024-04-30 00:00:00","20260419_195239",""
"2026-04-19 19:52:40","INFO","Transformation complete","20260419_195239",""
"2026-04-19 19:52:40","INFO","Aggregating data...","20260419_195239",""
"2026-04-19 19:52:40","INFO","Found 4 regions","20260419_195239",""
"2026-04-19 19:52:40","INFO","Found 5 products","20260419_195239",""
"2026-04-19 19:52:40","INFO","Found 2 categories","20260419_195239",""
"2026-04-19 19:52:40","INFO","Monthly revenue aggregated","20260419_195239",""
"2026-04-19 19:52:40","INFO","Found 5 salespeople","20260419_195239",""
"2026-04-19 19:52:40","INFO","Exporting data...","20260419_195239",""
"2026-04-19 19:52:40","INFO","Exported clean data","20260419_195239",""
"2026-04-19 19:52:40","INFO","Exported sales_by_region","20260419_195239",""
"2026-04-19 19:52:40","INFO","Exported sales_by_product","20260419_195239",""
"2026-04-19 19:52:40","INFO","Exported sales_by_category","20260419_195239",""
"2026-04-19 19:52:40","INFO","Exported monthly_revenue","20260419_195239",""
"2026-04-19 19:52:40","INFO","Exported salesperson_performance","20260419_195239",""
"2026-04-19 19:52:40","INFO","Exported top_salespeople","20260419_195239",""
"2026-04-19 19:52:40","INFO","Export complete","20260419_195239",""
"2026-04-19 19:52:40","INFO","==================================================","20260419_195239",""
"2026-04-19 19:52:40","INFO","PIPELINE COMPLETED SUCCESSFULLY","20260419_195239",""
"2026-04-19 19:52:40","INFO","==================================================","20260419_195239",""
"2026-04-19 20:04:25","INFO","Script Run ID: 20260419_200425","20260419_200425",""
"2026-04-19 20:04:25","INFO","Log file: /mnt/c/sc_JabulanePoulo_2026/Sales Analysis Project 2026/output/logs/logs.csv","20260419_200425",""
"2026-04-19 20:04:25","INFO","Processor initialised","20260419_200425",""
"2026-04-19 20:04:25","INFO","==================================================","20260419_200425",""
"2026-04-19 20:04:25","INFO","STARTING PIPELINE","20260419_200425",""
"2026-04-19 20:04:25","INFO","==================================================","20260419_200425",""
"2026-04-19 20:04:25","INFO","Loading data...","20260419_200425",""
"2026-04-19 20:04:25","INFO","Loaded 52 rows","20260419_200425",""
"2026-04-19 20:04:25","INFO","Cleaning data...","20260419_200425",""
"2026-04-19 20:04:25","INFO","Removed 2 duplicates","20260419_200425",""
"2026-04-19 20:04:25","WARNING","Found 2 missing quantities","20260419_200425",""
"2026-04-19 20:04:25","INFO","Quantity cleaning complete","20260419_200425",""
"2026-04-19 20:04:25","WARNING","Found 2 missing salespeople","20260419_200425",""
"2026-04-19 20:04:25","INFO","Labeled as 'Unknown'","20260419_200425",""
"2026-04-19 20:04:25","INFO","Cleaning complete: 50 rows","20260419_200425",""
"2026-04-19 20:04:25","INFO","Transforming data...","20260419_200425",""
"2026-04-19 20:04:25","INFO","Calculated revenue: R918;500.00","20260419_200425",""
"2026-04-19 20:04:25","INFO","Date range: 2024-01-05 00:00:00 to 2024-04-30 00:00:00","20260419_200425",""
"2026-04-19 20:04:25","INFO","Transformation complete","20260419_200425",""
"2026-04-19 20:04:25","INFO","Aggregating data...","20260419_200425",""
"2026-04-19 20:04:25","INFO","Found 4 regions","20260419_200425",""
"2026-04-19 20:04:25","INFO","Found 5 products","20260419_200425",""
"2026-04-19 20:04:25","INFO","Found 2 categories","20260419_200425",""
"2026-04-19 20:04:25","INFO","Monthly revenue aggregated","20260419_200425",""
"2026-04-19 20:04:25","INFO","Found 5 salespeople","20260419_200425",""
"2026-04-19 20:04:25","INFO","Exporting data...","20260419_200425",""
"2026-04-19 20:04:25","INFO","Exported clean data","20260419_200425",""
"2026-04-19 20:04:25","INFO","Exported sales_by_region","20260419_200425",""
"2026-04-19 20:04:25","INFO","Exported sales_by_product","20260419_200425",""
"2026-04-19 20:04:25","INFO","Exported sales_by_category","20260419_200425",""
"2026-04-19 20:04:25","INFO","Exported monthly_revenue","20260419_200425",""
"2026-04-19 20:04:25","INFO","Exported salesperson_performance","20260419_200425",""
"2026-04-19 20:04:25","INFO","Exported top_salespeople","20260419_200425",""
"2026-04-19 20:04:25","INFO","Export complete","20260419_200425",""
"2026-04-19 20:04:25","INFO","==================================================","20260419_200425",""
"2026-04-19 20:04:25","INFO","PIPELINE COMPLETED SUCCESSFULLY","20260419_200425",""
"2026-04-19 20:04:25","INFO","==================================================","20260419_200425",""
"2026-04-19 20:15:38","INFO","Script Run ID: 20260419_201538","20260419_201538",""
"2026-04-19 20:15:38","INFO","Log file: /mnt/c/sc_JabulanePoulo_2026/Sales Analysis Project 2026/output/logs/logs.csv","20260419_201538",""
"2026-04-19 20:15:38","INFO","Processor initialised","20260419_201538",""
"2026-04-19 20:15:38","INFO","==================================================","20260419_201538",""
"2026-04-19 20:15:38","INFO","STARTING PIPELINE","20260419_201538",""
"2026-04-19 20:15:38","INFO","==================================================","20260419_201538",""
"2026-04-19 20:15:38","INFO","Loading data...","20260419_201538",""
"2026-04-19 20:15:38","INFO","Loaded 52 rows","20260419_201538",""
"2026-04-19 20:15:38","INFO","Cleaning data...","20260419_201538",""
"2026-04-19 20:15:38","INFO","Removed 2 duplicates","20260419_201538",""
"2026-04-19 20:15:38","WARNING","Found 2 missing quantities","20260419_201538",""
"2026-04-19 20:15:38","INFO","Quantity cleaning complete","20260419_201538",""
"2026-04-19 20:15:38","WARNING","Found 2 missing salespeople","20260419_201538",""
"2026-04-19 20:15:38","INFO","Labeled as 'Unknown'","20260419_201538",""
"2026-04-19 20:15:38","INFO","Cleaning complete: 50 rows","20260419_201538",""
"2026-04-19 20:15:38","INFO","Transforming data...","20260419_201538",""
"2026-04-19 20:15:38","INFO","Calculated revenue: R918;500.00","20260419_201538",""
"2026-04-19 20:15:38","INFO","Date range: 2024-01-05 00:00:00 to 2024-04-30 00:00:00","20260419_201538",""
"2026-04-19 20:15:38","INFO","Transformation complete","20260419_201538",""
"2026-04-19 20:15:38","INFO","Aggregating data...","20260419_201538",""
"2026-04-19 20:15:38","INFO","Found 4 regions","20260419_201538",""
"2026-04-19 20:15:38","INFO","Found 5 products","20260419_201538",""
"2026-04-19 20:15:38","INFO","Found 2 categories","20260419_201538",""
"2026-04-19 20:15:38","INFO","Monthly revenue aggregated","20260419_201538",""
"2026-04-19 20:15:38","INFO","Found 5 salespeople","20260419_201538",""
"2026-04-19 20:15:38","INFO","Exporting data...","20260419_201538",""
"2026-04-19 20:15:38","INFO","Exported clean data","20260419_201538",""
"2026-04-19 20:15:38","INFO","Exported sales_by_region","20260419_201538",""
"2026-04-19 20:15:38","INFO","Exported sales_by_product","20260419_201538",""
"2026-04-19 20:15:38","INFO","Exported sales_by_category","20260419_201538",""
"2026-04-19 20:15:38","INFO","Exported monthly_revenue","20260419_201538",""
"2026-04-19 20:15:38","INFO","Exported salesperson_performance","20260419_201538",""
"2026-04-19 20:15:38","INFO","Exported top_salespeople","20260419_201538",""
"2026-04-19 20:15:38","INFO","Export complete","20260419_201538",""
"2026-04-19 20:15:38","INFO","==================================================","20260419_201538",""
"2026-04-19 20:15:38","INFO","PIPELINE COMPLETED SUCCESSFULLY","20260419_201538",""
"2026-04-19 20:15:38","INFO","==================================================","20260419_201538",""
"2026-04-19 20:28:04","INFO","Script Run ID: 20260419_202804","20260419_202804",""
"2026-04-19 20:28:04","INFO","Log file: /mnt/c/sc_JabulanePoulo_2026/Sales Analysis Project 2026/output/logs/logs.csv","20260419_202804",""
"2026-04-19 20:28:04","INFO","Processor initialised","20260419_202804",""
"2026-04-19 20:28:04","INFO","==================================================","20260419_202804",""
"2026-04-19 20:28:04","INFO","STARTING PIPELINE","20260419_202804",""
"2026-04-19 20:28:04","INFO","==================================================","20260419_202804",""
"2026-04-19 20:28:04","INFO","Loading data...","20260419_202804",""
"2026-04-19 20:28:04","INFO","Loaded 52 rows","20260419_202804",""
"2026-04-19 20:28:04","INFO","Cleaning data...","20260419_202804",""
"2026-04-19 20:28:04","INFO","Removed 2 duplicates","20260419_202804",""
"2026-04-19 20:28:04","WARNING","Found 2 missing quantities","20260419_202804",""
"2026-04-19 20:28:04","INFO","Quantity cleaning complete","20260419_202804",""
"2026-04-19 20:28:04","WARNING","Found 2 missing salespeople","20260419_202804",""
"2026-04-19 20:28:04","INFO","Labeled as 'Unknown'","20260419_202804",""
"2026-04-19 20:28:04","INFO","Cleaning complete: 50 rows","20260419_202804",""
"2026-04-19 20:28:04","INFO","Transforming data...","20260419_202804",""
"2026-04-19 20:28:04","INFO","Calculated revenue: R918;500.00","20260419_202804",""
"2026-04-19 20:28:04","INFO","Extracted month numbers from dates","20260419_202804",""
"2026-04-19 20:28:04","INFO","Date range: 2024-01-05 00:00:00 to 2024-04-30 00:00:00","20260419_202804",""
"2026-04-19 20:28:04","INFO","Transformation complete","20260419_202804",""
"2026-04-19 20:28:04","INFO","Aggregating data...","20260419_202804",""
"2026-04-19 20:28:04","INFO","Found 4 regions","20260419_202804",""
"2026-04-19 20:28:04","INFO","Found 5 products","20260419_202804",""
"2026-04-19 20:28:04","INFO","Found 2 categories","20260419_202804",""
"2026-04-19 20:28:04","INFO","Monthly revenue aggregated","20260419_202804",""
"2026-04-19 20:28:04","INFO","Found 5 salespeople","20260419_202804",""
"2026-04-19 20:28:04","INFO","Exporting data...","20260419_202804",""
"2026-04-19 20:28:04","INFO","Exported clean data","20260419_202804",""
"2026-04-19 20:28:04","INFO","Exported sales_by_region","20260419_202804",""
"2026-04-19 20:28:04","INFO","Exported sales_by_product","20260419_202804",""
"2026-04-19 20:28:04","INFO","Exported sales_by_category","20260419_202804",""
"2026-04-19 20:28:04","INFO","Exported monthly_revenue","20260419_202804",""
"2026-04-19 20:28:04","INFO","Exported salesperson_performance","20260419_202804",""
"2026-04-19 20:28:04","INFO","Exported top_salespeople","20260419_202804",""
"2026-04-19 20:28:04","INFO","Export complete","20260419_202804",""
"2026-04-19 20:28:04","INFO","==================================================","20260419_202804",""
"2026-04-19 20:28:04","INFO","PIPELINE COMPLETED SUCCESSFULLY","20260419_202804",""
"2026-04-19 20:28:04","INFO","==================================================","20260419_202804",""
"2026-04-20 08:21:05","INFO","Script Run ID: 20260420_082105","20260420_082105",""
"2026-04-20 08:21:05","INFO","Log file: /mnt/c/sc_JabulanePoulo_2026/Sales Analysis Project 2026/output/logs/logs.csv","20260420_082105",""
"2026-04-20 08:21:05","INFO","Processor initialised","20260420_082105",""
"2026-04-20 08:21:05","INFO","==================================================","20260420_082105",""
"2026-04-20 08:21:05","INFO","STARTING PIPELINE","20260420_082105",""
"2026-04-20 08:21:05","INFO","==================================================","20260420_082105",""
"2026-04-20 08:21:05","INFO","Loading data...","20260420_082105",""
"2026-04-20 08:21:05","INFO","Loaded 52 rows","20260420_082105",""
"2026-04-20 08:21:05","INFO","Cleaning data...","20260420_082105",""
"2026-04-20 08:21:05","INFO","Removed 2 duplicates","20260420_082105",""
"2026-04-20 08:21:05","WARNING","Found 2 missing quantities","20260420_082105",""
"2026-04-20 08:21:05","INFO","Quantity cleaning complete","20260420_082105",""
"2026-04-20 08:21:05","WARNING","Found 2 missing salespeople","20260420_082105",""
"2026-04-20 08:21:05","INFO","Labeled as 'Unknown'","20260420_082105",""
"2026-04-20 08:21:05","INFO","Cleaning complete: 50 rows","20260420_082105",""
"2026-04-20 08:21:05","INFO","Transforming data...","20260420_082105",""
"2026-04-20 08:21:05","INFO","Calculated revenue: R918;500.00","20260420_082105",""
"2026-04-20 08:21:05","INFO","Extracted month numbers from dates","20260420_082105",""
"2026-04-20 08:21:05","INFO","Date range: 2024-01-05 00:00:00 to 2024-04-30 00:00:00","20260420_082105",""
"2026-04-20 08:21:05","INFO","Transformation complete","20260420_082105",""
"2026-04-20 08:21:05","INFO","Aggregating data...","20260420_082105",""
"2026-04-20 08:21:05","INFO","Found 4 regions","20260420_082105",""
"2026-04-20 08:21:05","INFO","Found 5 products","20260420_082105",""
"2026-04-20 08:21:05","INFO","Found 2 categories","20260420_082105",""
"2026-04-20 08:21:05","INFO","Monthly revenue aggregated","20260420_082105",""
"2026-04-20 08:21:05","INFO","Found 5 salespeople","20260420_082105",""
"2026-04-20 08:21:05","INFO","Exporting data...","20260420_082105",""
"2026-04-20 08:21:06","INFO","Exported clean data","20260420_082105",""
"2026-04-20 08:21:06","INFO","Exported sales_by_region","20260420_082105",""
"2026-04-20 08:21:06","INFO","Exported sales_by_product","20260420_082105",""
"2026-04-20 08:21:06","INFO","Exported sales_by_category","20260420_082105",""
"2026-04-20 08:21:06","INFO","Exported monthly_revenue","20260420_082105",""
"2026-04-20 08:21:06","INFO","Exported salesperson_performance","20260420_082105",""
"2026-04-20 08:21:06","INFO","Exported top_salespeople","20260420_082105",""
"2026-04-20 08:21:06","INFO","Export complete","20260420_082105",""
"2026-04-20 08:21:06","INFO","==================================================","20260420_082105",""
"2026-04-20 08:21:06","INFO","PIPELINE COMPLETED SUCCESSFULLY","20260420_082105",""
"2026-04-20 08:21:06","INFO","==================================================","20260420_082105",""
